new_level,parent_chapter,new_chapter,,start_page,end_page,page_count,source_scope
1,,SimTalk-Overview-and-Migration,\SimTalk-Overview-and-Migration,9105,9116,12,SimTalk Reference; SimTalk 2.0 and SimTalk 1.0 Compared; A Quick Tour Through SimTalk 2.0
2,SimTalk-Overview-and-Migration,SimTalk-Reference-Entry,simtalk\SimTalk-Overview-and-Migration\SimTalk-Reference-Entry,9105,9107,3,SimTalk Reference
2,SimTalk-Overview-and-Migration,Quick-Tour-of-SimTalk,simtalk\SimTalk-Overview-and-Migration\Quick-Tour-of-SimTalk,9111,9116,6,A Quick Tour Through SimTalk 2.0
1,,Language-Fundamentals,simtalk\\Language-Fundamentals,9117,9223,107,General Access to SimTalk; Names; Constant Values; Variables; Parameters in SimTalk
2,Language-Fundamentals,Foundations-and-Motivation,simtalk\Language-Fundamentals\Foundations-and-Motivation,9117,9128,12,General Access to SimTalk; Why Use SimTalk 2.0?; Introducing SimTalk; Attributes and Methods
2,Language-Fundamentals,Names-and-Object-Access,simtalk\Language-Fundamentals\Names-and-Object-Access,9129,9204,76,Names
2,Language-Fundamentals,Values-Variables-and-Parameters,simtalk\Language-Fundamentals\Values-Variables-and-Parameters,9205,9223,19,Constant Values; Variables; Parameters in SimTalk
1,,Data-Types-and-Expressions,simtalk\\Data-Types-and-Expressions,9224,9332,109,Data Types; Operators and Expressions
2,Data-Types-and-Expressions,Primitive-and-Structured-Data-Types,simtalk\Data-Types-and-Expressions\Primitive-and-Structured-Data-Types,9224,9305,82,Data Types
2,Data-Types-and-Expressions,Local-List-and-Table-Instantiation,simtalk\Data-Types-and-Expressions\Local-List-and-Table-Instantiation,9306,9309,4,Instantiating Local Lists and Tables
2,Data-Types-and-Expressions,Data-Type-Conversion-Basics,simtalk\Data-Types-and-Expressions\Data-Type-Conversion-Basics,9310,9310,1,Converting Data Types
2,Data-Types-and-Expressions,Operators-and-Expressions,simtalk\Data-Types-and-Expressions\Operators-and-Expressions,9311,9332,22,Operators and Expressions
1,,Control-Flow-and-Error-Handling,simtalk\\Control-Flow-and-Error-Handling,9333,9369,37,Control Flow Statements
2,Control-Flow-and-Error-Handling,Branching-and-Loops,simtalk\Control-Flow-and-Error-Handling\Branching-and-Loops,9333,9346,14,Control Flow Statements; Branching; Loops
2,Control-Flow-and-Error-Handling,Suspended-and-Reactivated-Methods,simtalk\Control-Flow-and-Error-Handling\Suspended-and-Reactivated-Methods,9347,9366,20,Suspending Methods; waituntil; stopuntil; Reactivating Methods
2,Control-Flow-and-Error-Handling,Return-and-Error-Handling,simtalk\Control-Flow-and-Error-Handling\Return-and-Error-Handling,9367,9369,3,return; Error Handling
1,,Predefined-Functions-I-(OS/Math/String/DateTime),simtalk\\Predefined-Functions-I-(OS/Math/String/DateTime),9370,9472,103,Predefined Functions: Operating System; Mathematical; Bit; String; Date/Time
2,Predefined-Functions-I-(OS/Math/String/DateTime),Operating-System-Functions,simtalk\Predefined-Functions-I-(OS/Math/String/DateTime)\Operating-System-Functions,9370,9393,24,Operating System Functions
2,Predefined-Functions-I-(OS/Math/String/DateTime),Mathematical-and-Bit-Functions,simtalk\Predefined-Functions-I-(OS/Math/String/DateTime)\Mathematical-and-Bit-Functions,9394,9425,32,Mathematical Functions; Bit Functions
2,Predefined-Functions-I-(OS/Math/String/DateTime),String-Functions,simtalk\Predefined-Functions-I-(OS/Math/String/DateTime)\String-Functions,9426,9450,25,Functions for Manipulating Strings
2,Predefined-Functions-I-(OS/Math/String/DateTime),Date-and-Time-Functions,simtalk\Predefined-Functions-I-(OS/Math/String/DateTime)\Date-and-Time-Functions,9451,9472,22,Functions for Managing Date and Time
1,,Predefined-Functions-II-(HTTP-and-Utilities),simtalk\\Predefined-Functions-II-(HTTP-and-Utilities),9473,9644,172,Predefined Functions: HTTP Server Communication; Miscellaneous Global Functions
2,Predefined-Functions-II-(HTTP-and-Utilities),HTTP-Server-Communication,simtalk\Predefined-Functions-II-(HTTP-and-Utilities)\HTTP-Server-Communication,9473,9517,45,Functions for Communicating with an HTTP Server
2,Predefined-Functions-II-(HTTP-and-Utilities),Utilities-A-to-M,simtalk\Predefined-Functions-II-(HTTP-and-Utilities)\Utilities-A-to-M,9518,9596,79,Miscellaneous Global Functions (A-M)
2,Predefined-Functions-II-(HTTP-and-Utilities),Utilities-N-to-Z,simtalk\Predefined-Functions-II-(HTTP-and-Utilities)\Utilities-N-to-Z,9597,9644,48,Miscellaneous Global Functions (N-Z)
1,,redefined-Functions-III-(Type-Query/InputOutput/Conversion/Debug),simtalk\\redefined-Functions-III-(Type-Query/InputOutput/Conversion/Debug),9645,9743,99,Predefined Functions: Type Query; Input; Output; Type Conversion; Debugging
2,Predefined-Functions-III-(Type-Query/InputOutput/Conversion/Debug),Type-Query-for-Any,simtalk\Predefined-Functions-III-(Type-Query/InputOutput/Conversion/Debug)\Type-Query-for-Any,9645,9666,22,Query the Data Type of a Variable of Data Type any
2,Predefined-Functions-III-(Type-Query/InputOutput/Conversion/Debug),Input-and-Output-Functions,simtalk\Predefined-Functions-III-(Type-Query/InputOutput/Conversion/Debug)\Input-and-Output-Functions,9667,9680,14,Input Functions; Output Functions
2,Predefined-Functions-III-(Type-Query/InputOutput/Conversion/Debug),Type-Conversion-Functions,simtalk\Predefined-Functions-III-(Type-Query/InputOutput/Conversion/Debug)\Type-Conversion-Functions,9681,9728,48,Functions for Converting Data Types
2,Predefined-Functions-III-(Type-Query/InputOutput/Conversion/Debug),Model-Debugging-Functions,simtalk\Predefined-Functions-III-(Type-Query/InputOutput/Conversion/Debug)\Model-Debugging-Functions,9729,9743,15,Functions for Debugging the Model
1,,3D-API-Fundamentals-(Window/Object/Appearance),simtalk\\3D-API-Fundamentals-(Window/Object/Appearance),9744,9867,124,SimTalk Access to 3D Functions: Intro to Store Appearance
2,3D-API-Fundamentals-(Window/Object/Appearance),3D-Entry-and-Environment,simtalk\3D-API-Fundamentals-(Window/Object/Appearance)\3D-Entry-and-Environment,9744,9769,26,3D intro; PLMXML; 3D window; view options
2,3D-API-Fundamentals-(Window/Object/Appearance),Object-Access-and-Transformation,simtalk\3D-API-Fundamentals-(Window/Object/Appearance)\Object-Access-and-Transformation,9770,9833,64,Objects in 3D; transformation; captions; fill level; bounding box
2,3D-API-Fundamentals-(Window/Object/Appearance),Appearance-and-Store-Settings,simtalk\3D-API-Fundamentals-(Window/Object/Appearance)\Appearance-and-Store-Settings,9834,9867,34,Object appearance; store appearance
1,,3D-Animation-and-Motion-Control,simtalk\\3D-Animation-and-Motion-Control,9868,10051,184,Length-oriented Objects; Extrusion; Animation Area; MU/Self/Camera/RobotArm Animations; Joints; Poses
2,3D-Animation-and-Motion-Control,Length-Oriented-Objects-and-Profiles,simtalk\3D-Animation-and-Motion-Control\Length-Oriented-Objects-and-Profiles,9868,9891,24,Length-oriented objects; extrusion profile
2,3D-Animation-and-Motion-Control,Animation-Area-and-MU-Animations,simtalk\3D-Animation-and-Motion-Control\Animation-Area-and-MU-Animations,9892,9938,47,Animation area; MU animations
2,3D-Animation-and-Motion-Control,Self-and-Camera-Animations,simtalk\3D-Animation-and-Motion-Control\Self-and-Camera-Animations,9939,9997,59,Self animations; camera animations
2,3D-Animation-and-Motion-Control,Robot-Arms-Joints-and-Poses,simtalk\3D-Animation-and-Motion-Control\Robot-Arms-Joints-and-Poses,9998,10051,54,Robot arm animations; joints; poses
1,,3D-Graphics-Modeling-(Worker/Shapes/Properties),simtalk\\3D-Graphics-Modeling-(Worker/Shapes/Properties),10052,10295,244,Worker; Graphic Shape Methods/Attributes/Properties
2,3D-Graphics-Modeling-(Worker/Shapes/Properties),Worker-and-Shape-Methods,simtalk\3D-Graphics-Modeling-(Worker/Shapes/Properties)\Worker-and-Shape-Methods,10052,10100,49,Worker; methods of graphic shapes
2,3D-Graphics-Modeling-(Worker/Shapes/Properties),Shape-Attributes,simtalk\3D-Graphics-Modeling-(Worker/Shapes/Properties)\Shape-Attributes,10101,10113,13,Attributes of graphic shapes
2,3D-Graphics-Modeling-(Worker/Shapes/Properties),Shape-Properties-and-Materials,simtalk\3D-Graphics-Modeling-(Worker/Shapes/Properties)\Shape-Properties-and-Materials,10114,10295,182,Properties of graphic shapes
1,,3D-Graphics-Advanced-(Graphics-Groups/State/PointCloud/Video),simtalk\\3D-Graphics-Advanced-(Graphics-Groups/State/PointCloud/Video),10296,10393,98,Graphics; Detailed Graphics; Graphic Groups; State Graphics; Point Clouds; Video Recording
2,3D-Graphics-Advanced-(Graphics-Groups/State/PointCloud/Video),Graphics-and-Detailed-Graphics,simtalk\3D-Graphics-Advanced-(Graphics-Groups/State/PointCloud/Video)\Graphics-and-Detailed-Graphics,10296,10354,59,Accessing Graphics; Detailed Access To Graphics
2,3D-Graphics-Advanced-(Graphics-Groups/State/PointCloud/Video),Graphic-Groups,simtalk\3D-Graphics-Advanced-(Graphics-Groups/State/PointCloud/Video)\Graphic-Groups,10355,10372,18,Methods and attributes of graphic groups
2,3D-Graphics-Advanced-(Graphics-Groups/State/PointCloud/Video),State-Graphics-Point-Clouds-and-Video,simtalk\3D-Graphics-Advanced-(Graphics-Groups/State/PointCloud/Video)\State-Graphics-Point-Clouds-and-Video,10373,10393,21,State graphics; point clouds; video recording
1,,Deprecated-and-Unsupported-SimTalk-Names,simtalk\\Deprecated-and-Unsupported-SimTalk-Names,10394,10418,25,Outdated SimTalk Names; No Longer Supported SimTalk Names of the 2D Visualization
2,Deprecated-and-Unsupported-SimTalk-Names,Outdated-SimTalk-Names,simtalk\Deprecated-and-Unsupported-SimTalk-Names\Outdated-SimTalk-Names,10394,10412,19,Outdated SimTalk Names
2,Deprecated-and-Unsupported-SimTalk-Names,Unsupported-2D-Visualization-Names,simtalk\Deprecated-and-Unsupported-SimTalk-Names\Unsupported-2D-Visualization-Names,10413,10418,6,No Longer Supported SimTalk Names of the 2D Visualization
